,SALE_YEAR,NBHD_ID,Last_Year_Price,Median_Neighbor_Last_Year_Price,SALE_PRICE
18,2020,1,340750.0,331666.5,360426.4498559222
37,2020,3,566060.0,411750.0,565293.9841068997
56,2020,4,310000.0,331666.5,335218.9080306399
75,2020,5,320000.0,310000.0,337960.0581251551
94,2020,6,419500.0,407000.0,443954.1057632368
113,2020,7,975000.0,1037500.0,1058112.547392654
132,2020,8,585000.0,529500.0,610473.9869017696
151,2020,9,937500.0,749000.0,954716.6932300006
170,2020,11,372000.0,509750.0,430891.86936628993
189,2020,12,835000.0,749900.0,870918.207034396
208,2020,13,1850000.0,976285.75,1759984.315136588
227,2020,14,610000.0,647750.0,660747.6383471685
246,2020,15,663000.0,659000.0,707027.9488820441
265,2020,17,453750.0,502250.0,496018.26468591666
284,2020,18,513000.0,491500.0,541881.6472382117
303,2020,19,311500.0,355000.0,342324.780834584
322,2020,20,749900.0,772500.0,806848.3616227508
341,2020,21,690000.0,703750.0,740431.1021126516
360,2020,22,1164000.0,937500.0,1187863.0155704622
379,2020,24,351750.0,669425.0,454503.8399842596
398,2020,25,277500.0,453750.0,339321.92246368196
417,2020,26,659000.0,544500.0,674913.5924740462
436,2020,27,425000.0,407000.0,448462.77178076695
455,2020,28,358500.0,328000.0,374053.78468792915
474,2020,29,250000.0,529500.0,335855.23856129585
493,2020,30,475000.0,470000.0,505316.37020762503
512,2020,31,632500.0,729950.0,699893.1754224428
531,2020,32,470000.0,498750.0,508457.89417739504
550,2020,33,522500.0,470000.0,544254.849449931
569,2020,34,355000.0,332000.0,372191.9812392118
588,2020,35,407000.0,387250.0,428733.358503175
607,2020,36,672550.0,585000.0,696220.7010164666
626,2020,37,1037500.0,749900.0,1036919.0922252794
645,2020,39,550000.0,628500.0,606714.3303014692
664,2020,41,444000.0,566060.0,504095.3429130453
683,2020,42,804000.0,519750.0,787545.4602402095
702,2020,43,327500.0,332000.0,349648.651151561
721,2020,44,400000.0,425000.0,432501.89977751096
740,2020,45,328000.0,513962.5,395883.40422347997
759,2020,46,559500.0,710000.0,635026.7345868819
778,2020,48,520000.0,491500.0,547619.949442341
797,2020,49,400000.0,491500.0,449249.05451441003
816,2020,50,379500.0,522500.0,440250.97094433015
835,2020,51,635000.0,549280.0,656443.1939342101
854,2020,52,490000.0,529500.0,532597.0284171577
873,2020,53,522500.0,532500.0,559994.6565334827
892,2020,54,332000.0,340750.0,355541.1327030557
911,2020,55,491500.0,548000.0,538485.6475004882
930,2020,56,617000.0,595000.0,653201.5433727801
949,2020,57,710000.0,584750.0,726857.658580224
968,2020,58,610000.0,470000.0,615983.6270015473
987,2020,59,642500.0,826250.0,732342.6447541069
1006,2020,60,669425.0,400000.0,647069.1299937384
1025,2020,62,529500.0,537500.0,566992.1433042963
1044,2020,64,532500.0,690000.0,607856.5449613607
1063,2020,65,460000.0,566250.0,517259.31125030346
1082,2020,66,875000.0,607250.0,867783.9696562078
1101,2020,67,331666.5,348125.0,357125.04082676093
1120,2020,68,355500.0,325833.25,371048.8446827583
1139,2020,69,481000.0,480000.0,512753.2840873898
1158,2020,70,977571.5,715000.0,979003.1491440865
1177,2020,71,715000.0,600530.0,734930.432361343
1196,2020,72,480000.0,804000.0,593528.6865507895
1215,2020,73,682000.0,532500.0,690745.9710418577
1234,2020,74,507500.0,550000.0,552105.4406508859
1253,2020,75,640000.0,585000.0,669537.5957672654
1272,2020,76,303200.0,329583.25,329119.9180683482
1291,2020,77,576000.0,561500.0,611154.9510089534
1,2002,1,159900.0,159000.0,168500.0
2,2003,1,168500.0,162000.0,167375.0
3,2004,1,167375.0,163000.0,175000.0
4,2005,1,175000.0,173750.0,180947.5
5,2006,1,180947.5,163000.0,160000.0
6,2007,1,160000.0,150000.0,144900.0
7,2008,1,144900.0,149500.0,140000.0
8,2009,1,140000.0,145355.5,136700.0
9,2010,1,136700.0,135000.0,140000.0
10,2011,1,140000.0,150750.0,119900.0
11,2012,1,119900.0,130000.0,145000.0
12,2013,1,145000.0,133500.0,165000.0
13,2014,1,165000.0,152000.0,199900.0
14,2015,1,199900.0,177500.0,235000.0
15,2016,1,235000.0,214250.0,263875.0
16,2017,1,263875.0,257500.0,302470.0
17,2018,1,302470.0,290000.0,341000.0
18,2019,1,341000.0,317750.0,340750.0
20,2002,3,195000.0,162450.0,189900.0
21,2003,3,189900.0,172350.0,223500.0
22,2004,3,223500.0,184125.0,250000.0
23,2005,3,250000.0,177250.0,288000.0
24,2006,3,288000.0,183973.75,267500.0
25,2007,3,267500.0,185750.0,225849.5
26,2008,3,225849.5,157387.5,260000.0
27,2009,3,260000.0,183450.0,267000.0
28,2010,3,267000.0,173250.0,240000.0
29,2011,3,240000.0,188750.0,297200.0
30,2012,3,297200.0,155500.0,274500.0
31,2013,3,274500.0,218733.75,326964.0
32,2014,3,326964.0,234400.0,367900.0
33,2015,3,367900.0,262250.0,399500.0
34,2016,3,399500.0,302750.0,460000.0
35,2017,3,460000.0,334375.0,470000.0
36,2018,3,470000.0,347475.0,509000.0
37,2019,3,509000.0,403000.0,566060.0
39,2002,4,150500.0,154500.0,155350.0
40,2003,4,155350.0,155750.0,163000.0
41,2004,4,163000.0,153500.0,160000.0
42,2005,4,160000.0,173000.0,149750.0
43,2006,4,149750.0,162040.5,133200.0
44,2007,4,133200.0,160000.0,123100.0
45,2008,4,123100.0,144900.0,146091.0
46,2009,4,146091.0,140000.0,135000.0
47,2010,4,135000.0,133950.0,137000.0
48,2011,4,137000.0,131500.0,129000.0
49,2012,4,129000.0,122500.0,133000.0
50,2013,4,133000.0,135500.0,145000.0
51,2014,4,145000.0,159900.0,162500.0
52,2015,4,162500.0,172500.0,211500.0
53,2016,4,211500.0,203250.0,227500.0
54,2017,4,227500.0,228000.0,275000.0
55,2018,4,275000.0,289500.0,317750.0
56,2019,4,317750.0,318500.0,310000.0
58,2002,5,152000.0,150500.0,164000.0
59,2003,5,164000.0,155350.0,150000.0
60,2004,5,150000.0,163000.0,173000.0
61,2005,5,173000.0,165000.0,173475.0
62,2006,5,173475.0,155750.0,180000.0
63,2007,5,180000.0,134725.0,150750.0
64,2008,5,150750.0,139750.0,145750.0
65,2009,5,145750.0,146091.0,134000.0
66,2010,5,134000.0,133950.0,131500.0
67,2011,5,131500.0,128950.0,134000.0
68,2012,5,134000.0,129000.0,135500.0
69,2013,5,135500.0,133000.0,169900.0
70,2014,5,169900.0,145000.0,175000.0
71,2015,5,175000.0,162500.0,210000.0
72,2016,5,210000.0,203250.0,230000.0
73,2017,5,230000.0,227000.0,289500.0
74,2018,5,289500.0,275000.0,318500.0
75,2019,5,318500.0,317750.0,320000.0
77,2002,6,225000.0,185500.0,230000.0
78,2003,6,230000.0,204750.0,227000.0
79,2004,6,227000.0,217000.0,247000.0
80,2005,6,247000.0,225000.0,239900.0
81,2006,6,239900.0,214900.0,236450.0
82,2007,6,236450.0,216250.0,234950.0
83,2008,6,234950.0,218250.0,232000.0
84,2009,6,232000.0,210000.0,212500.0
85,2010,6,212500.0,195000.0,235000.0
86,2011,6,235000.0,197500.0,214450.0
87,2012,6,214450.0,191500.0,232000.0
88,2013,6,232000.0,204420.0,259250.0
89,2014,6,259250.0,217000.0,269950.0
90,2015,6,269950.0,256900.0,305500.0
91,2016,6,305500.0,285000.0,345000.0
92,2017,6,345000.0,325056.0,370500.0
93,2018,6,370500.0,341250.0,410000.0
94,2019,6,410000.0,385840.0,419500.0
96,2002,7,377000.0,397450.0,422500.0
97,2003,7,422500.0,415000.0,719000.0
98,2004,7,719000.0,490000.0,530000.0
99,2005,7,530000.0,600000.0,798949.0
100,2006,7,798949.0,461360.0,629500.0
101,2007,7,629500.0,490000.0,698750.0
102,2008,7,698750.0,720000.0,702500.0
103,2009,7,702500.0,650000.0,583000.0
104,2010,7,583000.0,550750.0,657950.0
105,2011,7,657950.0,614320.0,634000.0
106,2012,7,634000.0,550000.0,590875.0
107,2013,7,590875.0,605000.0,790000.0
108,2014,7,790000.0,775000.0,771500.0
109,2015,7,771500.0,740000.0,811020.0
110,2016,7,811020.0,825000.0,960000.0
111,2017,7,960000.0,970000.0,1125000.0
112,2018,7,1125000.0,915000.0,1130000.0
113,2019,7,1130000.0,972500.0,975000.0
115,2002,8,201500.0,179900.0,210000.0
116,2003,8,210000.0,201900.0,216000.0
117,2004,8,216000.0,211000.0,233500.0
118,2005,8,233500.0,215000.0,236800.0
119,2006,8,236800.0,207600.0,255000.0
120,2007,8,255000.0,250000.0,270000.0
121,2008,8,270000.0,207500.0,291000.0
122,2009,8,291000.0,227450.0,280000.0
123,2010,8,280000.0,226000.0,295000.0
124,2011,8,295000.0,233500.0,273000.0
125,2012,8,273000.0,265000.0,305750.0
126,2013,8,305750.0,246500.0,349000.0
127,2014,8,349000.0,304411.5,377500.0
128,2015,8,377500.0,360000.0,422000.0
129,2016,8,422000.0,397000.0,460000.0
130,2017,8,460000.0,428900.0,493500.0
131,2018,8,493500.0,470000.0,535000.0
132,2019,8,535000.0,545000.0,585000.0
134,2002,9,362240.0624281807,328750.0,327000.0
135,2003,9,327000.0,379625.0,350000.0
136,2004,9,350000.0,412475.0,380000.0
137,2005,9,380000.0,412700.0,435000.0
138,2006,9,435000.0,390000.0,565000.0
139,2007,9,565000.0,434625.0,483500.0
140,2008,9,483500.0,441500.0,580000.0
141,2009,9,580000.0,402125.0,406000.0
142,2010,9,406000.0,436750.0,615500.0
143,2011,9,615500.0,377250.0,394000.0
144,2012,9,394000.0,428375.0,385000.0
145,2013,9,385000.0,489500.0,539000.0
146,2014,9,539000.0,529360.75,534750.0
147,2015,9,534750.0,550000.0,649000.0
148,2016,9,649000.0,585750.0,610906.0
149,2017,9,610906.0,675210.25,790000.0
150,2018,9,790000.0,728875.0,827500.0
151,2019,9,827500.0,786000.0,937500.0
153,2002,11,150950.0,172450.0,160500.0
154,2003,11,160500.0,195175.0,169000.0
155,2004,11,169000.0,209375.0,168950.0
156,2005,11,168950.0,201500.0,161000.0
157,2006,11,161000.0,206925.0,160000.0
158,2007,11,160000.0,229500.0,159000.0
159,2008,11,159000.0,200750.0,149500.0
160,2009,11,149500.0,226725.0,167000.0
161,2010,11,167000.0,222900.0,140000.0
162,2011,11,140000.0,215600.0,149250.0
163,2012,11,149250.0,241500.0,165500.0
164,2013,11,165500.0,245250.0,191500.0
165,2014,11,191500.0,279705.75,217500.0
166,2015,11,217500.0,320000.0,252500.0
167,2016,11,252500.0,356500.0,289950.0
168,2017,11,289950.0,397950.0,348800.0
169,2018,11,348800.0,435000.0,350000.0
170,2019,11,350000.0,495000.0,372000.0
172,2002,12,346000.0,311500.0,490000.0
173,2003,12,490000.0,327000.0,550000.0
174,2004,12,550000.0,339667.0,495500.0
175,2005,12,495500.0,380000.0,465000.0
176,2006,12,465000.0,376000.0,527500.0
177,2007,12,527500.0,388750.0,475000.0
178,2008,12,475000.0,408000.0,369500.0
179,2009,12,369500.0,415000.0,489000.0
180,2010,12,489000.0,413750.0,408750.0
181,2011,12,408750.0,471750.0,451750.0
182,2012,12,451750.0,405000.0,574000.0
183,2013,12,574000.0,405000.0,611201.0
184,2014,12,611201.0,481000.0,650000.0
185,2015,12,650000.0,543000.0,661500.0
186,2016,12,661500.0,597000.0,740000.0
187,2017,12,740000.0,610906.0,708750.0
188,2018,12,708750.0,749000.0,832000.0
189,2019,12,832000.0,770000.0,835000.0
191,2002,13,221000.0,387225.0,415000.0
192,2003,13,415000.0,398750.0,490000.0
193,2004,13,490000.0,511875.0,680000.0
194,2005,13,680000.0,480000.0,461360.0
195,2006,13,461360.0,501750.0,451250.0
196,2007,13,451250.0,559750.0,1555000.0
197,2008,13,1555000.0,619375.0,650000.0
198,2009,13,650000.0,665300.0,269300.0
199,2010,13,269300.0,566875.0,1069200.0
200,2011,13,1069200.0,561260.0,550000.0
201,2012,13,550000.0,565500.0,630000.0
202,2013,13,630000.0,584907.5,799500.0
203,2014,13,799500.0,702500.0,1212500.0
204,2015,13,1212500.0,730000.0,1290000.0
205,2016,13,1290000.0,796260.0,1200000.0
206,2017,13,1200000.0,923750.0,470000.0
207,2018,13,470000.0,997000.0,965000.0
208,2019,13,965000.0,984999.75,1850000.0
210,2002,14,259500.0,294475.0,237000.0
211,2003,14,237000.0,263750.0,279900.0
212,2004,14,279900.0,267425.0,289900.0
213,2005,14,289900.0,305700.0,346000.0
214,2006,14,346000.0,344000.0,322500.0
215,2007,14,322500.0,317000.0,315000.0
216,2008,14,315000.0,357875.0,323000.0
217,2009,14,323000.0,357250.0,413750.0
218,2010,14,413750.0,312625.0,471750.0
219,2011,14,471750.0,322547.5,268000.0
220,2012,14,268000.0,365500.0,380000.0
221,2013,14,380000.0,391250.0,430000.0
222,2014,14,430000.0,428760.25,560550.0
223,2015,14,560550.0,419750.0,500500.0
224,2016,14,500500.0,480000.0,590000.0
225,2017,14,590000.0,569750.0,626250.0
226,2018,14,626250.0,589127.0,770000.0
227,2019,14,770000.0,644250.0,610000.0
229,2002,15,311500.0,259500.0,268500.0
230,2003,15,268500.0,237000.0,274950.0
231,2004,15,274950.0,279900.0,329900.0
232,2005,15,329900.0,289900.0,312000.0
233,2006,15,312000.0,346000.0,309000.0
234,2007,15,309000.0,322500.0,408000.0
235,2008,15,408000.0,315000.0,415000.0
236,2009,15,415000.0,323000.0,337000.0
237,2010,15,337000.0,406000.0,283100.0
238,2011,15,283100.0,398500.0,405000.0
239,2012,15,405000.0,268304.0,405000.0
240,2013,15,405000.0,380000.0,447520.5
241,2014,15,447520.5,430000.0,369900.0
242,2015,15,369900.0,534750.0,490000.0
243,2016,15,490000.0,500500.0,610420.5
244,2017,15,610420.5,590000.0,749000.0
245,2018,15,749000.0,626250.0,740000.0
246,2019,15,740000.0,750000.0,663000.0
248,2002,17,130000.0,160625.0,143000.0
249,2003,17,143000.0,175559.0,159900.0
250,2004,17,159900.0,180325.0,172000.0
251,2005,17,172000.0,193825.0,177000.0
252,2006,17,177000.0,183500.0,199149.5
253,2007,17,199149.5,194974.75,180000.0
254,2008,17,180000.0,193375.0,162750.0
255,2009,17,162750.0,196242.5,165000.0
256,2010,17,165000.0,204500.0,178000.0
257,2011,17,178000.0,207335.0,171450.0
258,2012,17,171450.0,196400.0,220000.0
259,2013,17,220000.0,249530.0,263000.0
260,2014,17,263000.0,258362.5,276850.0
261,2015,17,276850.0,306625.0,318000.0
262,2016,17,318000.0,373025.0,373500.0
263,2017,17,373500.0,388250.0,400500.0
264,2018,17,400500.0,427500.0,405000.0
265,2019,17,405000.0,510250.0,453750.0
267,2002,18,158000.0,163250.0,150000.0
268,2003,18,150000.0,159925.0,184950.0
269,2004,18,184950.0,169000.0,156000.0
270,2005,18,156000.0,208000.0,163000.0
271,2006,18,163000.0,202000.0,179949.5
272,2007,18,179949.5,210000.0,183500.0
273,2008,18,183500.0,203250.0,155000.0
274,2009,18,155000.0,223500.0,200000.0
275,2010,18,200000.0,230000.0,219170.0
276,2011,18,219170.0,195500.0,209800.0
277,2012,18,209800.0,183000.0,251810.0
278,2013,18,251810.0,247250.0,248750.0
279,2014,18,248750.0,267975.0,300250.0
280,2015,18,300250.0,313000.0,368050.0
281,2016,18,368050.0,378000.0,376500.0
282,2017,18,376500.0,400000.0,425000.0
283,2018,18,425000.0,430000.0,521500.0
284,2019,18,521500.0,499000.0,513000.0
286,2002,19,168700.0,166000.0,179950.0
287,2003,19,179950.0,174700.0,185000.0
288,2004,19,185000.0,172000.0,192700.0
289,2005,19,192700.0,179500.0,162000.0
290,2006,19,162000.0,187000.0,185509.5
291,2007,19,185509.5,170000.0,160000.0
292,2008,19,160000.0,156275.0,173000.0
293,2009,19,173000.0,173400.0,154950.0
294,2010,19,154950.0,149590.0,140000.0
295,2011,19,140000.0,153750.0,135000.0
296,2012,19,135000.0,159000.0,145000.0
297,2013,19,145000.0,169500.0,170000.0
298,2014,19,170000.0,180000.0,180000.0
299,2015,19,180000.0,208500.0,198250.0
300,2016,19,198250.0,250000.0,245000.0
301,2017,19,245000.0,275000.0,313000.0
302,2018,19,313000.0,323500.0,315000.0
303,2019,19,315000.0,345000.0,311500.0
305,2002,20,303750.0,328250.0,335000.0
306,2003,20,335000.0,390000.0,339667.0
307,2004,20,339667.0,415000.0,392000.0
308,2005,20,392000.0,416750.0,376000.0
309,2006,20,376000.0,450680.0,388750.0
310,2007,20,388750.0,432625.0,389000.0
311,2008,20,389000.0,479375.0,412000.0
312,2009,20,412000.0,412500.0,450500.0
313,2010,20,450500.0,406875.0,398500.0
314,2011,20,398500.0,459625.0,417250.0
315,2012,20,417250.0,431350.0,448000.0
316,2013,20,448000.0,499000.0,481000.0
317,2014,20,481000.0,563100.5,543000.0
318,2015,20,543000.0,605275.0,597000.0
319,2016,20,597000.0,588750.0,625000.0
320,2017,20,625000.0,675210.25,680000.0
321,2018,20,680000.0,669875.0,750000.0
322,2019,20,750000.0,801000.0,749900.0
324,2002,21,280000.0,278200.0,270500.0
325,2003,21,270500.0,289875.0,282000.0
326,2004,21,282000.0,312500.0,284500.0
327,2005,21,284500.0,337500.0,343000.0
328,2006,21,343000.0,345300.0,483250.0
329,2007,21,483250.0,406250.0,473000.0
330,2008,21,473000.0,417875.0,369039.0
331,2009,21,369039.0,405500.0,450000.0
332,2010,21,450000.0,424375.0,482000.0
333,2011,21,482000.0,382850.0,425000.0
334,2012,21,425000.0,397750.0,443500.0
335,2013,21,443500.0,440345.0,387000.0
336,2014,21,387000.0,446250.0,582000.0
337,2015,21,582000.0,547500.0,520000.0
338,2016,21,520000.0,603250.0,820000.0
339,2017,21,820000.0,610250.0,665000.0
340,2018,21,665000.0,719250.0,807000.0
341,2019,21,807000.0,763750.0,690000.0
343,2002,22,565850.0,346000.0,810000.0
344,2003,22,810000.0,375000.0,659000.0
345,2004,22,659000.0,393750.0,886500.0
346,2005,22,886500.0,430000.0,567000.0
347,2006,22,567000.0,436500.0,780325.0
348,2007,22,780325.0,490000.0,905000.0
349,2008,22,905000.0,483500.0,710500.0
350,2009,22,710500.0,580000.0,630000.0
351,2010,22,630000.0,450500.0,721000.0
352,2011,22,721000.0,508200.0,786000.0
353,2012,22,786000.0,451750.0,852500.0
354,2013,22,852500.0,574000.0,900000.0
355,2014,22,900000.0,611201.0,941500.0
356,2015,22,941500.0,650000.0,825000.0
357,2016,22,825000.0,661500.0,1239000.0
358,2017,22,1239000.0,740000.0,1079000.0
359,2018,22,1079000.0,708750.0,1133750.0
360,2019,22,1133750.0,832000.0,1164000.0
362,2002,24,142900.0,345000.0,145000.0
363,2003,24,145000.0,365000.0,148000.0
364,2004,24,148000.0,340000.0,175000.0
365,2005,24,175000.0,338000.0,168500.0
366,2006,24,168500.0,440000.0,160000.0
367,2007,24,160000.0,414000.0,155000.0
368,2008,24,155000.0,483750.0,154126.0
369,2009,24,154126.0,410000.0,171000.0
370,2010,24,171000.0,400000.0,143000.0
371,2011,24,143000.0,408831.0,125000.0
372,2012,24,125000.0,410950.0,149950.0
373,2013,24,149950.0,424000.0,207700.0
374,2014,24,207700.0,496360.0,209250.0
375,2015,24,209250.0,490000.0,252500.0
376,2016,24,252500.0,516000.0,270425.0
377,2017,24,270425.0,574976.0,313407.5
378,2018,24,313407.5,626134.0,350000.0
379,2019,24,350000.0,645000.0,351750.0
381,2002,25,135000.0,157500.0,131000.0
382,2003,25,131000.0,150000.0,145000.0
383,2004,25,145000.0,175700.0,140000.0
384,2005,25,140000.0,167750.0,140000.0
385,2006,25,140000.0,165000.0,129000.0
386,2007,25,129000.0,179949.5,145000.0
387,2008,25,145000.0,180000.0,148755.0
388,2009,25,148755.0,162750.0,123500.0
389,2010,25,123500.0,165000.0,107500.0
390,2011,25,107500.0,178000.0,123398.58090097974
391,2012,25,123398.58090097974,171450.0,137500.0
392,2013,25,137500.0,220000.0,130000.0
393,2014,25,130000.0,248750.0,150000.0
394,2015,25,150000.0,276850.0,170000.0
395,2016,25,170000.0,318000.0,220000.0
396,2017,25,220000.0,373500.0,241250.0
397,2018,25,241250.0,400500.0,260000.0
398,2019,25,260000.0,405000.0,277500.0
400,2002,26,209000.0,174750.0,190900.0
401,2003,26,190900.0,177500.0,179500.0
402,2004,26,179500.0,197975.0,208000.0
403,2005,26,208000.0,203750.0,246000.0
404,2006,26,246000.0,197000.0,270000.0
405,2007,26,270000.0,227474.75,261500.0
406,2008,26,261500.0,221000.0,252500.0
407,2009,26,252500.0,214500.0,253250.0
408,2010,26,253250.0,215000.0,342500.0
409,2011,26,342500.0,239085.0,252500.0
410,2012,26,252500.0,239052.0,343475.0
411,2013,26,343475.0,277386.25,365000.0
412,2014,26,365000.0,304125.0,420000.0
413,2015,26,420000.0,335075.0,410000.0
414,2016,26,410000.0,398625.5,486250.0
415,2017,26,486250.0,425750.0,560000.0
416,2018,26,560000.0,475500.0,575000.0
417,2019,26,575000.0,534875.0,659000.0
419,2002,27,240000.0,225000.0,226500.0
420,2003,27,226500.0,215150.0,225000.0
421,2004,27,225000.0,217000.0,244000.0
422,2005,27,244000.0,247000.0,245000.0
423,2006,27,245000.0,239900.0,250000.0
424,2007,27,250000.0,236450.0,218250.0
425,2008,27,218250.0,226450.0,239000.0
426,2009,27,239000.0,231000.0,235000.0
427,2010,27,235000.0,212500.0,225000.0
428,2011,27,225000.0,235000.0,215218.5
429,2012,27,215218.5,214450.0,250000.0
430,2013,27,250000.0,232000.0,253750.0
431,2014,27,253750.0,250000.0,290000.0
432,2015,27,290000.0,269950.0,333000.0
433,2016,27,333000.0,285500.0,350000.0
434,2017,27,350000.0,335000.0,386500.0
435,2018,27,386500.0,365000.0,405000.0
436,2019,27,405000.0,385840.0,425000.0
438,2002,28,186000.0,176750.0,224900.0
439,2003,28,224900.0,177000.0,200891.0
440,2004,28,200891.0,175500.0,203477.5
441,2005,28,203477.5,185700.0,219900.0
442,2006,28,219900.0,183650.0,223534.0
443,2007,28,223534.0,155000.0,199545.0
444,2008,28,199545.0,154900.0,179000.0
445,2009,28,179000.0,137159.0,159950.0
446,2010,28,159950.0,132500.0,180100.0
447,2011,28,180100.0,132500.0,175000.0
448,2012,28,175000.0,128900.0,170300.0
449,2013,28,170300.0,134950.0,200000.0
450,2014,28,200000.0,157750.0,230514.0
451,2015,28,230514.0,185000.0,265000.0
452,2016,28,265000.0,220300.0,300000.0
453,2017,28,300000.0,251000.0,320000.0
454,2018,28,320000.0,285000.0,352638.5
455,2019,28,352638.5,310000.0,358500.0
457,2002,29,152450.0,179900.0,100000.0
458,2003,29,100000.0,190900.0,134000.0
459,2004,29,134000.0,179500.0,165000.0
460,2005,29,165000.0,208000.0,144450.0
461,2006,29,144450.0,207600.0,152000.0
462,2007,29,152000.0,250000.0,127000.0
463,2008,29,127000.0,207500.0,151546.44703613798
464,2009,29,151546.44703613798,227450.0,119000.0
465,2010,29,119000.0,226000.0,130000.0
466,2011,29,130000.0,233500.0,133000.0
467,2012,29,133000.0,252500.0,109000.0
468,2013,29,109000.0,246500.0,145000.0
469,2014,29,145000.0,304411.5,150000.0
470,2015,29,150000.0,360000.0,191000.0
471,2016,29,191000.0,397000.0,231450.0
472,2017,29,231450.0,428900.0,241000.0
473,2018,29,241000.0,470000.0,291000.0
474,2019,29,291000.0,545000.0,250000.0
476,2002,30,286250.0,219000.0,281750.0
477,2003,30,281750.0,210000.0,278000.0
478,2004,30,278000.0,216950.0,285500.0
479,2005,30,285500.0,235000.0,314900.0
480,2006,30,314900.0,235000.0,280000.0
481,2007,30,280000.0,242000.0,320000.0
482,2008,30,320000.0,260250.0,296250.0
483,2009,30,296250.0,247450.0,277250.0
484,2010,30,277250.0,242750.0,286750.0
485,2011,30,286750.0,245000.0,269000.0
486,2012,30,269000.0,242500.0,270000.0
487,2013,30,270000.0,240000.0,331500.0
488,2014,30,331500.0,272500.0,359950.0
489,2015,30,359950.0,309150.0,385000.0
490,2016,30,385000.0,353100.0,442000.0
491,2017,30,442000.0,403000.0,495000.0
492,2018,30,495000.0,435000.0,470000.0
493,2019,30,470000.0,467750.0,475000.0
495,2002,31,285200.0,281625.0,259000.0
496,2003,31,259000.0,350000.0,259900.0
497,2004,31,259900.0,339833.5,281500.0
498,2005,31,281500.0,365000.0,376750.0
499,2006,31,376750.0,408000.0,325000.0
500,2007,31,325000.0,401375.0,321750.0
501,2008,31,321750.0,436375.0,345000.0
502,2009,31,345000.0,411000.0,288250.0
503,2010,31,288250.0,406875.0,318000.0
504,2011,31,318000.0,459625.0,326000.0
505,2012,31,326000.0,414100.0,377500.0
506,2013,31,377500.0,436000.0,410000.0
507,2014,31,410000.0,498000.0,442500.0
508,2015,31,442500.0,551775.0,470000.0
509,2016,31,470000.0,556500.0,540000.0
510,2017,31,540000.0,612250.0,547254.0
511,2018,31,547254.0,628625.0,601000.0
512,2019,31,601000.0,760000.0,632500.0
514,2002,32,257850.0,285125.0,271500.0
515,2003,32,271500.0,264875.0,275000.0
516,2004,32,275000.0,288675.0,278500.0
517,2005,32,278500.0,305250.0,287226.0
518,2006,32,287226.0,307450.0,282450.0
519,2007,32,282450.0,318250.0,285000.0
520,2008,32,285000.0,353750.0,291000.0
521,2009,32,291000.0,326925.0,289000.0
522,2010,32,289000.0,299375.0,288500.0
523,2011,32,288500.0,305875.0,259000.0
524,2012,32,259000.0,268250.0,292000.0
525,2013,32,292000.0,305500.0,319950.0
526,2014,32,319950.0,363200.0,344750.0
527,2015,32,344750.0,376225.0,369650.0
528,2016,32,369650.0,402000.0,403000.0
529,2017,32,403000.0,451312.5,435000.0
530,2018,32,435000.0,495000.0,467750.0
531,2019,32,467750.0,497500.0,470000.0
533,2002,33,284000.0,257850.0,318000.0
534,2003,33,318000.0,248000.0,299350.0
535,2004,33,299350.0,275000.0,325000.0
536,2005,33,325000.0,278500.0,300000.0
537,2006,33,300000.0,287226.0,356500.0
538,2007,33,356500.0,282450.0,387500.0
539,2008,33,387500.0,285000.0,357600.0
540,2009,33,357600.0,291000.0,321500.0
541,2010,33,321500.0,289000.0,325000.0
542,2011,33,325000.0,288500.0,327500.0
543,2012,33,327500.0,259000.0,341000.0
544,2013,33,341000.0,292000.0,394900.0
545,2014,33,394900.0,319950.0,418500.0
546,2015,33,418500.0,344750.0,419000.0
547,2016,33,419000.0,369650.0,460625.0
548,2017,33,460625.0,403000.0,495000.0
549,2018,33,495000.0,435000.0,525000.0
550,2019,33,525000.0,467750.0,522500.0
552,2002,34,166000.0,168700.0,189950.0
553,2003,34,189950.0,179950.0,184500.0
554,2004,34,184500.0,185000.0,204000.0
555,2005,34,204000.0,192700.0,201000.0
556,2006,34,201000.0,187000.0,197000.0
557,2007,34,197000.0,185509.5,180000.0
558,2008,34,180000.0,160000.0,178159.5
559,2009,34,178159.5,173000.0,149590.0
560,2010,34,149590.0,154950.0,153200.0
561,2011,34,153200.0,153750.0,164750.0
562,2012,34,164750.0,135000.0,169500.0
563,2013,34,169500.0,145000.0,180000.0
564,2014,34,180000.0,170000.0,210000.0
565,2015,34,210000.0,181500.0,250000.0
566,2016,34,250000.0,225000.0,275000.0
567,2017,34,275000.0,260000.0,323500.0
568,2018,34,323500.0,313000.0,345000.0
569,2019,34,345000.0,325000.0,355000.0
571,2002,35,185500.0,196850.0,204750.0
572,2003,35,204750.0,208225.0,217000.0
573,2004,35,217000.0,205000.0,225000.0
574,2005,35,225000.0,224000.0,214900.0
575,2006,35,214900.0,220450.0,216250.0
576,2007,35,216250.0,216725.0,223150.0
577,2008,35,223150.0,199125.0,210000.0
578,2009,35,210000.0,205079.75,195000.0
579,2010,35,195000.0,183725.0,197500.0
580,2011,35,197500.0,189100.0,191500.0
581,2012,35,191500.0,189600.0,204420.0
582,2013,35,204420.0,200750.0,217000.0
583,2014,35,217000.0,216875.0,256900.0
584,2015,35,256900.0,239975.0,285000.0
585,2016,35,285000.0,277750.0,325056.0
586,2017,35,325056.0,310000.0,341250.0
587,2018,35,341250.0,347000.0,385840.0
588,2019,35,385840.0,375000.0,407000.0
590,2002,36,207475.0,209000.0,205000.0
591,2003,36,205000.0,210000.0,211000.0
592,2004,36,211000.0,202750.0,242500.0
593,2005,36,242500.0,215000.0,231000.0
594,2006,36,231000.0,236800.0,275000.0
595,2007,36,275000.0,255000.0,258500.0
596,2008,36,258500.0,261500.0,300000.0
597,2009,36,300000.0,271070.0,300750.0
598,2010,36,300750.0,253250.0,308450.0
599,2011,36,308450.0,295000.0,307500.0
600,2012,36,307500.0,265000.0,355000.0
601,2013,36,355000.0,305750.0,417000.0
602,2014,36,417000.0,349000.0,508250.0
603,2015,36,508250.0,377500.0,518250.0
604,2016,36,518250.0,410000.0,580475.0
605,2017,36,580475.0,460000.0,547500.0
606,2018,36,547500.0,510000.0,620000.0
607,2019,36,620000.0,545000.0,672550.0
609,2002,37,430000.0,285200.0,560000.0
610,2003,37,560000.0,335000.0,630000.0
611,2004,37,630000.0,339667.0,600000.0
612,2005,37,600000.0,392000.0,577000.0
613,2006,37,577000.0,376750.0,660000.0
614,2007,37,660000.0,388750.0,720000.0
615,2008,37,720000.0,389000.0,739500.0
616,2009,37,739500.0,412000.0,711000.0
617,2010,37,711000.0,333000.0,614320.0
618,2011,37,614320.0,398500.0,750000.0
619,2012,37,750000.0,417250.0,605000.0
620,2013,37,605000.0,448000.0,775000.0
621,2014,37,775000.0,481000.0,740000.0
622,2015,37,740000.0,543000.0,955750.0
623,2016,37,955750.0,594000.0,970000.0
624,2017,37,970000.0,625000.0,1110000.0
625,2018,37,1110000.0,547254.0,997499.5
626,2019,37,997499.5,750000.0,1037500.0
628,2002,39,244000.0,215987.5,247000.0
629,2003,39,247000.0,223125.0,160000.0
630,2004,39,160000.0,240000.0,183000.0
631,2005,39,183000.0,243700.0,226000.0
632,2006,39,226000.0,258762.75,217500.0
633,2007,39,217500.0,287500.0,150500.0
634,2008,39,150500.0,289250.0,271070.0
635,2009,39,271070.0,300891.0,252346.2377285217
636,2010,39,252346.2377285217,310375.0,169150.0
637,2011,39,169150.0,304200.0,261000.0
638,2012,39,261000.0,323750.0,261259.09520545363
639,2013,39,261259.09520545363,345125.0,275000.0
640,2014,39,275000.0,390000.0,305000.0
641,2015,39,305000.0,444000.0,365000.0
642,2016,39,365000.0,491050.0,426000.0
643,2017,39,426000.0,528500.0,510000.0
644,2018,39,510000.0,563750.0,526000.0
645,2019,39,526000.0,617500.0,550000.0
647,2002,41,143750.0,195000.0,145650.0
648,2003,41,145650.0,189900.0,198250.0
649,2004,41,198250.0,223500.0,157700.0
650,2005,41,157700.0,250000.0,159500.0
651,2006,41,159500.0,288000.0,201500.0
652,2007,41,201500.0,267500.0,158500.0
653,2008,41,158500.0,225849.5,193500.0
654,2009,41,193500.0,260000.0,195000.0
655,2010,41,195000.0,267000.0,196000.0
656,2011,41,196000.0,240000.0,152000.0
657,2012,41,152000.0,297200.0,257467.5
658,2013,41,257467.5,274500.0,271200.0
659,2014,41,271200.0,326964.0,316000.0
660,2015,41,316000.0,367900.0,315500.0
661,2016,41,315500.0,399500.0,350000.0
662,2017,41,350000.0,460000.0,365000.0
663,2018,41,365000.0,470000.0,395000.0
664,2019,41,395000.0,509000.0,444000.0
666,2002,42,455910.5,237450.0,425000.0
667,2003,42,425000.0,242500.0,490000.0
668,2004,42,490000.0,249000.0,550564.0
669,2005,42,550564.0,260000.0,470567.0
670,2006,42,470567.0,277500.0,500364.0
671,2007,42,500364.0,292500.0,765000.0
672,2008,42,765000.0,321250.0,595000.0
673,2009,42,595000.0,285375.0,498750.0
674,2010,42,498750.0,290750.0,478500.0
675,2011,42,478500.0,288250.0,522257.0
676,2012,42,522257.0,286375.0,540000.0
677,2013,42,540000.0,311200.0,553627.0
678,2014,42,553627.0,348700.0,629500.0
679,2015,42,629500.0,389750.0,594000.0
680,2016,42,594000.0,398725.0,667250.0
681,2017,42,667250.0,458625.0,745050.0
682,2018,42,745050.0,475000.0,797450.0
683,2019,42,797450.0,550500.0,804000.0
685,2002,43,166000.0,165000.0,162000.0
686,2003,43,162000.0,174700.0,172000.0
687,2004,43,172000.0,170000.0,174900.0
688,2005,43,174900.0,179500.0,175000.0
689,2006,43,175000.0,180947.5,164850.0
690,2007,43,164850.0,170000.0,151000.0
691,2008,43,151000.0,149500.0,145000.0
692,2009,43,145000.0,145355.5,138500.0
693,2010,43,138500.0,136700.0,153750.0
694,2011,43,153750.0,140000.0,130000.0
695,2012,43,130000.0,134900.0,139400.0
696,2013,43,139400.0,145000.0,152000.0
697,2014,43,152000.0,165000.0,177500.0
698,2015,43,177500.0,181500.0,225000.0
699,2016,43,225000.0,214250.0,260000.0
700,2017,43,260000.0,257500.0,290000.0
701,2018,43,290000.0,302470.0,316500.0
702,2019,43,316500.0,325000.0,327500.0
704,2002,44,285000.0,240000.0,215150.0
705,2003,44,215150.0,226500.0,216000.0
706,2004,44,216000.0,225000.0,254500.0
707,2005,44,254500.0,244000.0,294000.0
708,2006,44,294000.0,245000.0,295000.0
709,2007,44,295000.0,250000.0,226450.0
710,2008,44,226450.0,218250.0,231000.0
711,2009,44,231000.0,239000.0,300000.0
712,2010,44,300000.0,235000.0,275000.0
713,2011,44,275000.0,225000.0,215500.0
714,2012,44,215500.0,215218.5,250000.0
715,2013,44,250000.0,250000.0,250000.0
716,2014,44,250000.0,253750.0,287000.0
717,2015,44,287000.0,290000.0,285500.0
718,2016,44,285500.0,333000.0,335000.0
719,2017,44,335000.0,350000.0,365000.0
720,2018,44,365000.0,386500.0,385000.0
721,2019,44,385000.0,405000.0,400000.0
723,2002,45,176750.0,297208.2299575049,177000.0
724,2003,45,177000.0,305518.0,175500.0
725,2004,45,175500.0,292945.5,185700.0
726,2005,45,185700.0,307188.75,183650.0
727,2006,45,183650.0,385154.5,155000.0
728,2007,45,155000.0,357677.0,154900.0
729,2008,45,154900.0,365655.5,137159.0
730,2009,45,137159.0,340944.75,132500.0
731,2010,45,132500.0,310225.0,132500.0
732,2011,45,132500.0,294465.5,128900.0
733,2012,45,128900.0,308930.75,134950.0
734,2013,45,134950.0,340875.0,157750.0
735,2014,45,157750.0,348180.0,185000.0
736,2015,45,185000.0,386257.0,220300.0
737,2016,45,220300.0,420480.0,251000.0
738,2017,45,251000.0,437488.0,285000.0
739,2018,45,285000.0,473067.0,310000.0
740,2019,45,310000.0,498819.25,328000.0
742,2002,46,245000.0,345000.0,253000.0
743,2003,46,253000.0,365000.0,253000.0
744,2004,46,253000.0,340000.0,275000.0
745,2005,46,275000.0,338000.0,300000.0
746,2006,46,300000.0,440000.0,325000.0
747,2007,46,325000.0,414000.0,352500.0
748,2008,46,352500.0,483750.0,317000.0
749,2009,46,317000.0,410000.0,333000.0
750,2010,46,333000.0,400000.0,306500.0
751,2011,46,306500.0,447500.0,318000.0
752,2012,46,318000.0,410950.0,349900.0
753,2013,46,349900.0,424000.0,377500.0
754,2014,46,377500.0,515000.0,433500.0
755,2015,46,433500.0,490000.0,450000.0
756,2016,46,450000.0,516000.0,472250.0
757,2017,46,472250.0,599500.0,515000.0
758,2018,46,515000.0,631000.0,600000.0
759,2019,46,600000.0,687500.0,559500.0
761,2002,48,245000.0,163250.0,234950.0
762,2003,48,234950.0,191193.0,256000.0
763,2004,48,256000.0,175700.0,243500.0
764,2005,48,243500.0,219900.0,257450.0
765,2006,48,257450.0,202000.0,252500.0
766,2007,48,252500.0,210000.0,326750.0
767,2008,48,326750.0,203250.0,228000.0
768,2009,48,228000.0,223500.0,209000.0
769,2010,48,209000.0,235000.0,327095.0
770,2011,48,327095.0,195500.0,279134.0
771,2012,48,279134.0,183000.0,305950.0
772,2013,48,305950.0,247250.0,335000.0
773,2014,48,335000.0,267975.0,356700.0
774,2015,48,356700.0,313000.0,402000.0
775,2016,48,402000.0,378000.0,430000.0
776,2017,48,430000.0,400000.0,504750.0
777,2018,48,504750.0,430000.0,534450.0
778,2019,48,534450.0,499000.0,520000.0
780,2002,49,157500.0,163250.0,191193.0
781,2003,49,191193.0,159925.0,175700.0
782,2004,49,175700.0,169000.0,167750.0
783,2005,49,167750.0,219900.0,165000.0
784,2006,49,165000.0,202000.0,161000.0
785,2007,49,161000.0,210000.0,154300.0
786,2008,49,154300.0,203250.0,168985.0
787,2009,49,168985.0,223500.0,142500.0
788,2010,49,142500.0,209000.0,160000.0
789,2011,49,160000.0,195500.0,144500.0
790,2012,49,144500.0,183000.0,167000.0
791,2013,49,167000.0,247250.0,218000.0
792,2014,49,218000.0,267975.0,227500.0
793,2015,49,227500.0,313000.0,295500.0
794,2016,49,295500.0,378000.0,339975.0
795,2017,49,339975.0,400000.0,375500.0
796,2018,49,375500.0,430000.0,401546.0
797,2019,49,401546.0,499000.0,400000.0
799,2002,50,148375.0,195000.0,170000.0
800,2003,50,170000.0,189900.0,142000.0
801,2004,50,142000.0,223500.0,158000.0
802,2005,50,158000.0,250000.0,163000.0
803,2006,50,163000.0,280000.0,150000.0
804,2007,50,150000.0,245000.0,156275.0
805,2008,50,156275.0,225849.5,173400.0
806,2009,50,173400.0,260000.0,151500.0
807,2010,50,151500.0,266500.0,181500.0
808,2011,50,181500.0,240000.0,159000.0
809,2012,50,159000.0,255000.0,180000.0
810,2013,50,180000.0,274500.0,197600.0
811,2014,50,197600.0,326964.0,208500.0
812,2015,50,208500.0,344250.0,290000.0
813,2016,50,290000.0,399500.0,318750.0
814,2017,50,318750.0,460000.0,329950.0
815,2018,50,329950.0,470000.0,411000.0
816,2019,50,411000.0,509000.0,379500.0
818,2002,51,228000.0,230950.0,280000.0
819,2003,51,280000.0,235500.0,259000.0
820,2004,51,259000.0,247500.0,270000.0
821,2005,51,270000.0,254500.0,305000.0
822,2006,51,305000.0,284000.0,347500.0
823,2007,51,347500.0,295000.0,370000.0
824,2008,51,370000.0,293875.0,360000.0
825,2009,51,360000.0,283000.0,358750.0
826,2010,51,358750.0,282500.0,346500.0
827,2011,51,346500.0,275162.5,351000.0
828,2012,51,351000.0,297850.0,385000.0
829,2013,51,385000.0,303375.0,398000.0
830,2014,51,398000.0,363750.0,464000.0
831,2015,51,464000.0,371450.0,525000.0
832,2016,51,525000.0,418250.0,500000.0
833,2017,51,500000.0,467187.5,568750.0
834,2018,51,568750.0,516700.0,635000.0
835,2019,51,635000.0,548250.0,635000.0
837,2002,52,165000.0,179900.0,188450.0
838,2003,52,188450.0,201900.0,217000.0
839,2004,52,217000.0,202750.0,188000.0
840,2005,52,188000.0,215000.0,206250.0
841,2006,52,206250.0,207600.0,209000.0
842,2007,52,209000.0,250000.0,194000.0
843,2008,52,194000.0,207500.0,226000.0
844,2009,52,226000.0,227450.0,219800.0
845,2010,52,219800.0,226000.0,197700.0
846,2011,52,197700.0,233500.0,218000.0
847,2012,52,218000.0,265000.0,244000.0
848,2013,52,244000.0,246500.0,255000.0
849,2014,52,255000.0,304411.5,280000.0
850,2015,52,280000.0,360000.0,316000.0
851,2016,52,316000.0,397000.0,367000.0
852,2017,52,367000.0,428900.0,400000.0
853,2018,52,400000.0,470000.0,455000.0
854,2019,52,455000.0,535000.0,490000.0
856,2002,53,222000.0,228000.0,227000.0
857,2003,53,227000.0,244000.0,240000.0
858,2004,53,240000.0,255000.0,259000.0
859,2005,53,259000.0,245000.0,280000.0
860,2006,53,280000.0,254100.0,245000.0
861,2007,53,245000.0,322500.0,292000.0
862,2008,53,292000.0,295750.0,295000.0
863,2009,53,295000.0,271000.0,266500.0
864,2010,53,266500.0,298000.0,292825.0
865,2011,53,292825.0,257500.0,255000.0
866,2012,53,255000.0,298500.0,305000.0
867,2013,53,305000.0,301750.0,370000.0
868,2014,53,370000.0,357500.0,344250.0
869,2015,53,344250.0,375000.0,411500.0
870,2016,53,411500.0,425000.0,469375.0
871,2017,53,469375.0,465000.0,509900.0
872,2018,53,509900.0,523500.0,541500.0
873,2019,53,541500.0,555000.0,522500.0
875,2002,54,165000.0,166000.0,174700.0
876,2003,54,174700.0,170000.0,170000.0
877,2004,54,170000.0,172000.0,179500.0
878,2005,54,179500.0,175000.0,187000.0
879,2006,54,187000.0,175000.0,170000.0
880,2007,54,170000.0,164850.0,149500.0
881,2008,54,149500.0,156275.0,145355.5
882,2009,54,145355.5,173000.0,127000.0
883,2010,54,127000.0,149590.0,149400.0
884,2011,54,149400.0,153200.0,134900.0
885,2012,54,134900.0,135000.0,131000.0
886,2013,54,131000.0,145000.0,164000.0
887,2014,54,164000.0,170000.0,181500.0
888,2015,54,181500.0,199900.0,214250.0
889,2016,54,214250.0,235000.0,257500.0
890,2017,54,257500.0,263875.0,295000.0
891,2018,54,295000.0,313000.0,325000.0
892,2019,54,325000.0,341000.0,332000.0
894,2002,55,163250.0,218250.0,159925.0
895,2003,55,159925.0,232475.0,169000.0
896,2004,55,169000.0,242375.0,219900.0
897,2005,55,219900.0,247000.0,202000.0
898,2006,55,202000.0,260600.0,210000.0
899,2007,55,210000.0,269965.0,203250.0
900,2008,55,203250.0,287500.0,223500.0
901,2009,55,223500.0,251000.0,235000.0
902,2010,55,235000.0,219500.0,195500.0
903,2011,55,195500.0,271050.0,183000.0
904,2012,55,183000.0,268152.0,247250.0
905,2013,55,247250.0,304456.25,267975.0
906,2014,55,267975.0,347250.0,313000.0
907,2015,55,313000.0,363300.0,378000.0
908,2016,55,378000.0,415600.5,400000.0
909,2017,55,400000.0,452500.0,430000.0
910,2018,55,430000.0,515375.0,499000.0
911,2019,55,499000.0,541350.0,491500.0
913,2002,56,224500.0,218737.5,257500.0
914,2003,56,257500.0,223125.0,255000.0
915,2004,56,255000.0,218000.0,244900.0
916,2005,56,244900.0,212750.0,274275.5
917,2006,56,274275.5,237125.0,300000.0
918,2007,56,300000.0,247500.0,330000.0
919,2008,56,330000.0,204817.75,301782.0
920,2009,56,301782.0,285535.0,320000.0
921,2010,56,320000.0,276548.11886426085,299950.0
922,2011,56,299950.0,299225.0,340000.0
923,2012,56,340000.0,284250.0,336000.0
924,2013,56,336000.0,328125.0,375000.0
925,2014,56,375000.0,360875.0,449000.0
926,2015,56,449000.0,375500.0,480100.0
927,2016,56,480100.0,440000.0,527000.0
928,2017,56,527000.0,503500.0,586102.0
929,2018,56,586102.0,528750.0,620000.0
930,2019,56,620000.0,570500.0,617000.0
932,2002,57,345000.0,252250.0,365000.0
933,2003,57,365000.0,245000.0,340000.0
934,2004,57,340000.0,257950.0,338000.0
935,2005,57,338000.0,278250.0,440000.0
936,2006,57,440000.0,323000.0,414000.0
937,2007,57,414000.0,323750.0,483750.0
938,2008,57,483750.0,324250.0,410000.0
939,2009,57,410000.0,320000.0,400000.0
940,2010,57,400000.0,310625.0,447500.0
941,2011,57,447500.0,322547.5,410950.0
942,2012,57,410950.0,298567.0,424000.0
943,2013,57,424000.0,363700.0,515000.0
944,2014,57,515000.0,393750.0,490000.0
945,2015,57,490000.0,438000.0,516000.0
946,2016,57,516000.0,460000.0,599500.0
947,2017,57,599500.0,506125.0,631000.0
948,2018,57,631000.0,531127.0,687500.0
949,2019,57,687500.0,600500.0,710000.0
951,2002,58,309950.0,257850.0,248000.0
952,2003,58,248000.0,271500.0,386000.0
953,2004,58,386000.0,275000.0,458500.0
954,2005,58,458500.0,278500.0,482500.0
955,2006,58,482500.0,287226.0,440000.0
956,2007,58,440000.0,282450.0,499900.0
957,2008,58,499900.0,285000.0,585000.0
958,2009,58,585000.0,291000.0,362000.0
959,2010,58,362000.0,289000.0,390000.0
960,2011,58,390000.0,288500.0,267500.0
961,2012,58,267500.0,259000.0,354950.0
962,2013,58,354950.0,292000.0,414328.5
963,2014,58,414328.5,319950.0,392500.0
964,2015,58,392500.0,344750.0,573000.0
965,2016,58,573000.0,369650.0,650000.0
966,2017,58,650000.0,403000.0,577500.0
967,2018,58,577500.0,435000.0,589000.0
968,2019,58,589000.0,467750.0,610000.0
970,2002,59,277250.0,306120.03121409036,269250.0
971,2003,59,269250.0,316000.0,267750.0
972,2004,59,267750.0,322500.0,314900.0
973,2005,59,314900.0,358862.5,315000.0
974,2006,59,315000.0,400975.0,341750.0
975,2007,59,341750.0,431750.0,393225.0
976,2008,59,393225.0,485250.0,389250.0
977,2009,59,389250.0,485000.0,384500.0
978,2010,59,384500.0,397000.0,345750.0
979,2011,59,345750.0,443725.0,375000.0
980,2012,59,375000.0,384250.0,365000.0
981,2013,59,365000.0,413250.0,432500.0
982,2014,59,432500.0,493000.0,450000.0
983,2015,59,450000.0,511125.0,510000.0
984,2016,59,510000.0,612000.0,530250.0
985,2017,59,530250.0,595453.0,584500.0
986,2018,59,584500.0,723000.0,631000.0
987,2019,59,631000.0,749250.0,642500.0
989,2002,60,408416.45991500985,176750.0,386136.0
990,2003,60,386136.0,191193.0,385000.0
991,2004,60,385000.0,175700.0,410900.0
992,2005,60,410900.0,185700.0,550409.0
993,2006,60,550409.0,183650.0,491820.0
994,2007,60,491820.0,161000.0,531766.0
995,2008,60,531766.0,155000.0,502889.5
996,2009,60,502889.5,168985.0,460500.0
997,2010,60,460500.0,171000.0,408831.0
998,2011,60,408831.0,160000.0,442861.5
999,2012,60,442861.5,144500.0,511450.0
1000,2013,60,511450.0,167000.0,496360.0
1001,2014,60,496360.0,218000.0,542000.0
1002,2015,60,542000.0,227500.0,575960.0
1003,2016,60,575960.0,295500.0,574976.0
1004,2017,60,574976.0,339975.0,626134.0
1005,2018,60,626134.0,375500.0,645000.0
1006,2019,60,645000.0,401546.0,669425.0
1008,2002,62,179900.0,183250.0,201900.0
1009,2003,62,201900.0,196725.0,202750.0
1010,2004,62,202750.0,213500.0,215000.0
1011,2005,62,215000.0,210750.0,207600.0
1012,2006,62,207600.0,218625.0,250000.0
1013,2007,62,250000.0,232000.0,207500.0
1014,2008,62,207500.0,226250.0,227450.0
1015,2009,62,227450.0,258500.0,226000.0
1016,2010,62,226000.0,249900.0,233500.0
1017,2011,62,233500.0,246350.0,265000.0
1018,2012,62,265000.0,245500.0,246500.0
1019,2013,62,246500.0,274875.0,304411.5
1020,2014,62,304411.5,302000.0,360000.0
1021,2015,62,360000.0,328750.0,397000.0
1022,2016,62,397000.0,369000.0,428900.0
1023,2017,62,428900.0,413500.0,470000.0
1024,2018,62,470000.0,446750.0,545000.0
1025,2019,62,545000.0,495000.0,529500.0
1027,2002,64,239900.0,250000.0,244000.0
1028,2003,64,244000.0,305000.0,255000.0
1029,2004,64,255000.0,295000.0,245000.0
1030,2005,64,245000.0,337725.0,254100.0
1031,2006,64,254100.0,366950.0,322500.0
1032,2007,64,322500.0,483250.0,295750.0
1033,2008,64,295750.0,487000.0,271000.0
1034,2009,64,271000.0,390000.0,298000.0
1035,2010,64,298000.0,417440.5,257500.0
1036,2011,64,257500.0,465000.0,298500.0
1037,2012,64,298500.0,425000.0,301750.0
1038,2013,64,301750.0,443500.0,357500.0
1039,2014,64,357500.0,447000.0,375000.0
1040,2015,64,375000.0,495000.0,425000.0
1041,2016,64,425000.0,575000.0,465000.0
1042,2017,64,465000.0,650000.0,523500.0
1043,2018,64,523500.0,656000.0,555000.0
1044,2019,64,555000.0,766000.0,532500.0
1046,2002,65,193000.0,282000.0,204950.0
1047,2003,65,204950.0,276625.0,191500.0
1048,2004,65,191500.0,290675.0,198500.0
1049,2005,65,198500.0,305250.0,220750.0
1050,2006,65,220750.0,328950.0,215000.0
1051,2007,65,215000.0,398250.0,229500.0
1052,2008,65,229500.0,430250.0,247450.0
1053,2009,65,247450.0,363319.5,217250.0
1054,2010,65,217250.0,341750.0,215500.0
1055,2011,65,215500.0,357500.0,215000.0
1056,2012,65,215000.0,298250.0,219950.0
1057,2013,65,219950.0,347975.0,272500.0
1058,2014,65,272500.0,390950.0,300000.0
1059,2015,65,300000.0,405500.0,342500.0
1060,2016,65,342500.0,469500.0,350000.0
1061,2017,65,350000.0,555312.5,396500.0
1062,2018,65,396500.0,536250.0,435000.0
1063,2019,65,435000.0,557000.0,460000.0
1065,2002,66,316500.0,244900.0,335750.0
1066,2003,66,335750.0,257250.0,370000.0
1067,2004,66,370000.0,268500.0,530000.0
1068,2005,66,530000.0,264750.0,572450.0
1069,2006,66,572450.0,298550.0,493250.0
1070,2007,66,493250.0,402875.0,551963.5
1071,2008,66,551963.5,384375.0,540000.0
1072,2009,66,540000.0,320019.5,745000.0
1073,2010,66,745000.0,357720.25,730000.0
1074,2011,66,730000.0,361250.0,572500.0
1075,2012,66,572500.0,361750.0,626000.0
1076,2013,66,626000.0,372625.0,535000.0
1077,2014,66,535000.0,372250.0,813250.0
1078,2015,66,813250.0,435000.0,833000.0
1079,2016,66,833000.0,472500.0,755500.0
1080,2017,66,755500.0,557500.0,1050000.0
1081,2018,66,1050000.0,586750.0,1015000.0
1082,2019,66,1015000.0,660500.0,875000.0
1084,2002,67,159000.0,152500.0,152000.0
1085,2003,67,152000.0,155550.0,149000.0
1086,2004,67,149000.0,171687.5,173750.0
1087,2005,67,173750.0,165675.0,158900.0
1088,2006,67,158900.0,160770.25,139000.0
1089,2007,67,139000.0,169950.0,136750.0
1090,2008,67,136750.0,144950.0,136700.0
1091,2009,67,136700.0,148045.5,129000.0
1092,2010,67,129000.0,135850.0,150750.0
1093,2011,67,150750.0,138500.0,107250.0
1094,2012,67,107250.0,136470.0,133500.0
1095,2013,67,133500.0,143500.0,141250.0
1096,2014,67,141250.0,162450.0,163250.0
1097,2015,67,163250.0,186200.0,199000.0
1098,2016,67,199000.0,223250.0,228000.0
1099,2017,67,228000.0,245687.5,270000.0
1100,2018,67,270000.0,301235.0,305000.0
1101,2019,67,305000.0,338500.0,331666.5
1103,2002,68,154500.0,155500.0,152000.0
1104,2003,68,152000.0,159675.0,176000.0
1105,2004,68,176000.0,156500.0,166350.0
1106,2005,68,166350.0,171450.0,155750.0
1107,2006,68,155750.0,166187.5,179900.0
1108,2007,68,179900.0,159500.0,139750.0
1109,2008,68,139750.0,143750.0,150000.0
1110,2009,68,150000.0,145920.5,127500.0
1111,2010,68,127500.0,134500.0,122875.0
1112,2011,68,122875.0,143875.0,143940.0
1113,2012,68,143940.0,131500.0,142000.0
1114,2013,68,142000.0,134500.0,159900.0
1115,2014,68,159900.0,157450.0,172500.0
1116,2015,68,172500.0,169125.0,203250.0
1117,2016,68,203250.0,210750.0,227000.0
1118,2017,68,227000.0,229000.0,300000.0
1119,2018,68,300000.0,282250.0,336000.0
1120,2019,68,336000.0,318125.0,355500.0
1122,2002,69,219000.0,280000.0,210000.0
1123,2003,69,210000.0,270500.0,216950.0
1124,2004,69,216950.0,278000.0,235000.0
1125,2005,69,235000.0,284500.0,235000.0
1126,2006,69,235000.0,314900.0,242000.0
1127,2007,69,242000.0,280000.0,260250.0
1128,2008,69,260250.0,320000.0,232000.0
1129,2009,69,232000.0,296250.0,242750.0
1130,2010,69,242750.0,277250.0,245000.0
1131,2011,69,245000.0,286750.0,242500.0
1132,2012,69,242500.0,269000.0,240000.0
1133,2013,69,240000.0,272500.0,272000.0
1134,2014,69,272000.0,331500.0,309150.0
1135,2015,69,309150.0,359950.0,353100.0
1136,2016,69,353100.0,385000.0,407000.0
1137,2017,69,407000.0,445000.0,450000.0
1138,2018,69,450000.0,495000.0,477500.0
1139,2019,69,477500.0,501000.0,481000.0
1141,2002,70,397450.0,277250.0,375000.0
1142,2003,70,375000.0,305000.0,393750.0
1143,2004,70,393750.0,295000.0,430000.0
1144,2005,70,430000.0,337725.0,436500.0
1145,2006,70,436500.0,366950.0,490000.0
1146,2007,70,490000.0,451250.0,540000.0
1147,2008,70,540000.0,487000.0,628100.0
1148,2009,70,628100.0,390000.0,550750.0
1149,2010,70,550750.0,388000.0,508200.0
1150,2011,70,508200.0,482000.0,497000.0
1151,2012,70,497000.0,425000.0,578940.0
1152,2013,70,578940.0,443500.0,630000.0
1153,2014,70,630000.0,447000.0,720000.0
1154,2015,70,720000.0,582000.0,781500.0
1155,2016,70,781500.0,575000.0,887500.0
1156,2017,70,887500.0,755500.0,915000.0
1157,2018,70,915000.0,656000.0,972500.0
1158,2019,70,972500.0,807000.0,977571.5
1160,2002,71,250000.0,233950.0,305000.0
1161,2003,71,305000.0,256625.0,295000.0
1162,2004,71,295000.0,257000.0,337725.0
1163,2005,71,337725.0,260000.0,366950.0
1164,2006,71,366950.0,296500.0,373500.0
1165,2007,71,373500.0,332125.0,487000.0
1166,2008,71,487000.0,332875.0,390000.0
1167,2009,71,390000.0,315500.0,388000.0
1168,2010,71,388000.0,328375.0,379250.0
1169,2011,71,379250.0,301625.0,374500.0
1170,2012,71,374500.0,324750.0,441500.0
1171,2013,71,441500.0,333375.0,447000.0
1172,2014,71,447000.0,377750.0,487500.0
1173,2015,71,487500.0,412500.0,575000.0
1174,2016,71,575000.0,467500.0,580000.0
1175,2017,71,580000.0,482500.0,656000.0
1176,2018,71,656000.0,546125.0,671000.0
1177,2019,71,671000.0,593000.0,715000.0
1179,2002,72,229900.0,430000.0,232000.0
1180,2003,72,232000.0,425000.0,245000.0
1181,2004,72,245000.0,490000.0,245000.0
1182,2005,72,245000.0,550564.0,255000.0
1183,2006,72,255000.0,470567.0,260000.0
1184,2007,72,260000.0,500364.0,290000.0
1185,2008,72,290000.0,720000.0,253750.0
1186,2009,72,253750.0,595000.0,248500.0
1187,2010,72,248500.0,498750.0,270000.0
1188,2011,72,270000.0,478500.0,254750.0
1189,2012,72,254750.0,522257.0,272500.0
1190,2013,72,272500.0,540000.0,319900.0
1191,2014,72,319900.0,553627.0,346000.0
1192,2015,72,346000.0,629500.0,347450.0
1193,2016,72,347450.0,594000.0,445000.0
1194,2017,72,445000.0,667250.0,435000.0
1195,2018,72,435000.0,745050.0,501000.0
1196,2019,72,501000.0,797450.0,480000.0
1198,2002,73,249900.0,239900.0,335000.0
1199,2003,73,335000.0,244000.0,427500.0
1200,2004,73,427500.0,255000.0,414000.0
1201,2005,73,414000.0,245000.0,435000.0
1202,2006,73,435000.0,254100.0,565000.0
1203,2007,73,565000.0,322500.0,540000.0
1204,2008,73,540000.0,295750.0,517500.0
1205,2009,73,517500.0,271000.0,417440.5
1206,2010,73,417440.5,298000.0,465000.0
1207,2011,73,465000.0,257500.0,491500.0
1208,2012,73,491500.0,298500.0,513500.0
1209,2013,73,513500.0,301750.0,520500.0
1210,2014,73,520500.0,357500.0,495000.0
1211,2015,73,495000.0,375000.0,656000.0
1212,2016,73,656000.0,425000.0,650000.0
1213,2017,73,650000.0,465000.0,650000.0
1214,2018,73,650000.0,523500.0,766000.0
1215,2019,73,766000.0,555000.0,682000.0
1217,2002,74,162000.0,224500.0,186350.0
1218,2003,74,186350.0,247000.0,225000.0
1219,2004,74,225000.0,176000.0,169900.0
1220,2005,74,169900.0,183000.0,243250.0
1221,2006,74,243250.0,226000.0,220000.0
1222,2007,74,220000.0,217500.0,151135.5
1223,2008,74,151135.5,150500.0,241500.0
1224,2009,74,241500.0,271070.0,217500.0
1225,2010,74,217500.0,252346.2377285217,290000.0
1226,2011,74,290000.0,169150.0,215115.0
1227,2012,74,215115.0,261000.0,302000.0
1228,2013,74,302000.0,261259.09520545363,316750.0
1229,2014,74,316750.0,275000.0,312000.0
1230,2015,74,312000.0,305000.0,378000.0
1231,2016,74,378000.0,365000.0,477000.0
1232,2017,74,477000.0,426000.0,472500.0
1233,2018,74,472500.0,510000.0,482000.0
1234,2019,74,482000.0,526000.0,507500.0
1236,2002,75,230000.0,207475.0,241250.0
1237,2003,75,241250.0,210000.0,265000.0
1238,2004,75,265000.0,211000.0,265000.0
1239,2005,75,265000.0,233500.0,283000.0
1240,2006,75,283000.0,231000.0,315000.0
1241,2007,75,315000.0,255000.0,320000.0
1242,2008,75,320000.0,258500.0,365000.0
1243,2009,75,365000.0,291000.0,334800.0
1244,2010,75,334800.0,280000.0,342000.0
1245,2011,75,342000.0,295000.0,350000.0
1246,2012,75,350000.0,273000.0,354250.0
1247,2013,75,354250.0,305750.0,405000.0
1248,2014,75,405000.0,349000.0,439000.0
1249,2015,75,439000.0,377500.0,502000.0
1250,2016,75,502000.0,422000.0,530000.0
1251,2017,75,530000.0,460000.0,580000.0
1252,2018,75,580000.0,510000.0,615000.0
1253,2019,75,615000.0,545000.0,640000.0
1255,2002,76,145500.0,159450.0,155750.0
1256,2003,76,155750.0,163000.0,153500.0
1257,2004,76,153500.0,165187.5,165000.0
1258,2005,76,165000.0,174325.0,162040.5
1259,2006,76,162040.5,174237.5,134725.0
1260,2007,76,134725.0,162425.0,145000.0
1261,2008,76,145000.0,147200.0,131000.0
1262,2009,76,131000.0,145177.75,133950.0
1263,2010,76,133950.0,134500.0,128950.0
1264,2011,76,128950.0,144700.0,122500.0
1265,2012,76,122500.0,129500.0,119400.0
1266,2013,76,119400.0,134500.0,140000.0
1267,2014,76,140000.0,158000.0,159500.0
1268,2015,76,159500.0,176250.0,187000.0
1269,2016,76,187000.0,212875.0,225000.0
1270,2017,76,225000.0,243750.0,258850.0
1271,2018,76,258850.0,289750.0,285000.0
1272,2019,76,285000.0,318125.0,303200.0
1274,2002,77,191500.0,186125.0,230000.0
1275,2003,77,230000.0,175412.5,228750.0
1276,2004,77,228750.0,182225.0,250500.0
1277,2005,77,250500.0,213950.0,263750.0
1278,2006,77,263750.0,224000.0,287430.0
1279,2007,77,287430.0,240000.0,260000.0
1280,2008,77,260000.0,232375.0,274000.0
1281,2009,77,274000.0,238000.0,230000.0
1282,2010,77,230000.0,244125.0,259000.0
1283,2011,77,259000.0,251135.0,268304.0
1284,2012,77,268304.0,231150.0,302962.5
1285,2013,77,302962.5,297642.5,359500.0
1286,2014,77,359500.0,316487.5,397000.0
1287,2015,77,397000.0,341450.0,429201.0
1288,2016,77,429201.0,394000.0,475000.0
1289,2017,77,475000.0,443125.0,526000.0
1290,2018,77,526000.0,495000.0,548250.0
1291,2019,77,548250.0,548250.0,576000.0
